Stream ID,Start Time,End Time,Duration (s),Source,Destination,Resolved Hostname,Packet Count,Country,City,Organization,Region,Continent,TLS Record Version,TLS Handshake Type,TLS Version,TLS Cipher Suite,TLS SNI (Server Name),TLS Supported Groups,TLS EC Point Formats,TLS Key Share Group,TLS Session ID,TLS Random,TLS ALPN
0,1748283205.648278,1748283206.162566,0.514,35.223.238.178,172.20.10.5,Private IP,9,Unknown,Unknown,Unknown,Unknown,Unknown,0x0303,2,0x0303,0x1302,N/A,N/A,N/A,29,bd:93:8e:df:73:30:13:df:37:2f:2f:b0:c2:de:b0:25:0c:6a:6f:4e:63:e9:92:cd:d8:3a:24:6c:1c:80:ac:64,3e:22:41:34:0c:2b:45:14:3c:96:3f:2a:3e:cb:6d:c6:ac:a1:98:ec:0c:52:09:96:13:5c:4f:15:7a:1e:7d:a3,N/A
1,1748283206.396513,1748283206.3995452,0.003,2a03:2880:f34e:121:face:b00c:0:7260,2401:4900:4e60:b031:a9f2:d144:e598:8196,Unknown,2,India,Bengaluru,,Karnataka,Asia,N/A,N/A,N/A,N/A,N/A,N/A,N/A,N/A,N/A,N/A,N/A
2,1748283207.6606138,1748283208.174083,0.513,172.20.10.5,35.223.238.178,unleash.codeium.com,9,United States,Council Bluffs,,Iowa,North America,0x0301,1,0x0303,0x1301,unleash.codeium.com,0x001d,0,29,1f:6f:7d:e6:f8:49:f7:87:64:db:d6:db:d4:67:d5:26:f4:4e:4b:ef:b7:5e:65:1d:1c:b3:65:c6:4a:ef:f3:cf,33:44:77:da:21:0d:aa:53:a2:e9:54:d7:ac:8d:4b:50:fd:01:34:54:cb:b0:df:fd:4d:b0:5b:7d:f6:7e:d8:06,N/A
4,1748283208.667537,1748283208.6893299,0.022,2401:4900:4e60:b031:a9f2:d144:e598:8196,2404:6800:4009:815::200a,content-autofill.googleapis.com,7,Australia,,,,Oceania,0x0301,1,0x0303,0xeaea,content-autofill.googleapis.com,0xaaaa,0,43690,07:cc:ed:d9:d1:bd:a2:92:19:6f:1d:f2:fd:de:a1:f4:00:10:a9:7c:82:16:1a:69:a4:41:bc:00:fb:ed:d8:a2,aa:02:f2:b3:7d:01:8c:d5:73:50:54:39:e2:79:4c:ae:3f:95:b7:c5:dd:23:75:fc:d3:f1:43:9b:62:82:bc:53,h2
3,1748283207.67749,1748283211.4344902,3.757,2401:4900:4e60:b031:a9f2:d144:e598:8196,2606:4700:9762:7cbc:c276:42a:5ff2:75c4,Unknown,15,United States,,,,North America,0x0303,N/A,N/A,N/A,N/A,N/A,N/A,N/A,N/A,N/A,N/A
5,1748283211.1816802,1748283212.8854542,1.704,172.20.10.5,35.223.238.178,178.238.223.35.bc.googleusercontent.com,20,United States,Council Bluffs,,Iowa,North America,0x0303,N/A,N/A,N/A,N/A,N/A,N/A,N/A,N/A,N/A,N/A
6,1748283213.40063,1748283213.6761029,0.275,2401:4900:4e60:b031:a9f2:d144:e598:8196,2606:4700:9760:fe72:8376:6:6810:4f49,static.cloudflareinsights.com,20,United States,,,,North America,0x0301,1,0x0303,0x5a5a,static.cloudflareinsights.com,0x2a2a,0,10794,63:1c:20:2f:63:98:16:a9:85:2d:a5:0c:2d:f8:c7:72:b8:ac:e6:a3:74:e3:92:cb:4e:02:fc:ed:17:e6:c3:72,6f:c3:23:1b:d1:8c:6c:50:02:2c:30:60:86:2f:28:0c:ed:79:d4:7f:a8:f4:3a:b1:d3:c9:64:cb:2a:64:c3:44,h2
8,1748283214.160277,1748283214.261099,0.101,2401:4900:4e60:b031:a9f2:d144:e598:8196,2600:140f:b:190::1e80,assets.adobedtm.com,20,India,Bengaluru,,Karnataka,Asia,0x0301,1,0x0303,0xfafa,assets.adobedtm.com,0x6a6a,0,27242,3e:68:35:21:5d:6d:81:31:9a:db:43:cc:24:45:a5:de:d9:19:4d:b5:fa:c3:25:97:21:a4:2b:b3:08:38:47:86,52:05:15:e2:05:aa:04:81:f0:37:30:b1:18:09:81:8e:4d:64:18:49:2c:7b:a8:6a:78:16:09:e0:f5:80:3a:2a,h2
7,1748283214.171627,1748283215.461238,1.29,2401:4900:4e60:b031:a9f2:d144:e598:8196,2404:6800:4007:82e::2008,www.googletagmanager.com,226,Australia,,,,Oceania,0x0301,1,0x0303,0x4a4a,www.googletagmanager.com,0xeaea,0,60138,25:55:42:85:b6:43:ca:3e:a4:f7:84:a5:26:37:92:65:c1:6d:ac:5a:40:f5:3d:dc:b6:39:7c:4c:3b:90:70:11,00:f7:7d:41:6d:57:8b:8b:24:2f:38:be:ca:a6:45:00:da:25:38:9d:32:29:f5:8e:35:d8:a9:fe:07:ef:05:40,h2
9,1748283214.534411,1748283214.6058471,0.071,172.20.10.5,66.117.22.113,adobedc.demdex.net,12,United States,,,,North America,0x0301,1,0x0303,0xcaca,adobedc.demdex.net,0x8a8a,0,35466,be:ea:28:a8:6e:d8:fc:ee:24:ae:88:3d:fc:fe:e3:6a:6b:9f:df:09:b6:a6:c5:03:cf:df:8c:af:5f:c9:87:da,81:2c:af:a2:b0:cb:52:68:0d:e8:80:eb:e0:d7:3b:0e:60:e3:ed:58:be:ba:90:d6:25:c8:9b:78:e7:3d:f1:02,h2
10,1748283214.555698,1748283214.638879,0.083,172.20.10.5,18.161.216.86,tag.demandbase.com,13,United States,Seattle,,Washington,North America,0x0301,1,0x0303,0xbaba,tag.demandbase.com,0x5a5a,0,23130,88:5e:2c:78:d0:32:12:98:a5:03:32:93:fd:a1:61:8c:b1:a2:f0:80:bd:21:d8:f8:f3:bc:5e:3c:59:23:c6:fb,84:82:06:76:81:75:d2:b6:b9:d8:eb:19:c4:52:2a:16:04:3f:8f:05:d1:cc:c7:35:07:b4:d7:e1:71:a0:9e:c9,h2
12,1748283214.561739,1748283214.636147,0.074,2401:4900:4e60:b031:a9f2:d144:e598:8196,2600:1417:70::170f:255b,snap.licdn.com,15,India,Bengaluru,,Karnataka,Asia,0x0301,1,0x0303,0xdada,snap.licdn.com,0xaaaa,0,43690,89:1a:7f:40:fa:1a:49:93:75:81:bd:42:f2:03:e7:01:cc:76:01:4b:a2:fe:17:13:b0:a8:2d:27:94:4a:5e:8c,e9:1f:81:3d:e5:ef:6e:c4:99:6f:bf:f0:df:44:db:18:e2:9c:b1:5d:80:5a:84:4b:ce:22:5b:14:dc:b6:95:87,h2
11,1748283214.566997,1748283216.194438,1.627,2401:4900:4e60:b031:a9f2:d144:e598:8196,2620:1ec:50::12,www.linkedin.com,42,United States,,,,North America,0x0301,1,0x0303,0x1a1a,px.ads.linkedin.com,0xcaca,0,51914,c1:11:f3:77:7e:7a:9e:6b:0c:99:ee:a5:ba:1a:34:6f:30:73:1a:52:c3:3b:d9:46:56:eb:35:b6:3b:91:09:a8,1f:fa:15:c5:2c:5d:4d:fd:61:8d:b6:02:4c:df:19:74:ed:81:8f:c2:13:37:d7:d1:a7:9b:8f:dd:e4:f9:fd:56,h2
13,1748283214.579821,1748283214.7907908,0.211,172.20.10.5,151.101.157.140,alb.reddit.com,10,India,Chennai,,Tamil Nadu,Asia,0x0301,1,0x0303,0x0a0a,alb.reddit.com,0x6a6a,0,27242,3d:35:23:95:b1:8c:fd:9c:7e:f3:43:93:bf:72:29:41:f4:f2:1f:30:b0:85:dc:4f:55:21:4c:e9:6a:ad:96:de,ee:38:45:a0:36:7c:bc:d7:9e:d6:9b:bb:86:8f:57:4d:c8:44:b3:49:54:a7:9c:20:26:96:5a:89:d4:4a:d5:20,h2
14,1748283214.663989,1748283215.079533,0.416,2401:4900:4e60:b031:a9f2:d144:e598:8196,2620:1ec:50::12,www.linkedin.com,16,United States,,,,North America,0x0301,1,0x0303,0x8a8a,px.ads.linkedin.com,0xeaea,0,60138,55:22:22:77:f4:7e:d1:19:aa:70:58:06:25:71:41:45:6f:cc:7c:ca:5d:7b:ad:e2:74:5b:af:48:a8:39:9f:fa,b2:d4:81:37:2d:76:36:48:dd:72:0d:3f:c5:88:5a:99:ee:e6:a8:d7:b4:0b:6e:1b:b2:28:32:40:96:33:ef:f3,h2
16,1748283214.676401,1748283214.905259,0.229,172.20.10.5,99.86.182.113,api.company-target.com,14,United States,,,,North America,0x0301,1,0x0303,0x6a6a,api.company-target.com,0x6a6a,0,27242,0e:78:d4:48:6a:9e:94:aa:75:c0:78:6c:8e:ee:6b:65:4a:80:68:61:78:83:ee:37:a0:93:63:21:20:c0:39:de,e1:34:b3:da:f8:5d:eb:bd:46:96:ec:fa:06:87:79:15:3c:de:8f:c0:3c:c4:ae:57:11:33:94:20:e5:f3:8b:1f,h2
17,1748283214.697133,1748283215.412025,0.715,172.20.10.5,34.96.71.22,s.company-target.com,14,United States,Kansas City,,Missouri,North America,0x0301,1,0x0303,0x3a3a,s.company-target.com,0x7a7a,0,31354,f6:4b:77:41:19:87:d8:3f:58:43:82:ca:4f:4a:92:1b:47:c7:54:60:9a:a0:0d:a4:3b:e4:fd:84:e2:fa:21:73,ba:95:0f:69:0c:2c:2f:b2:89:8f:82:1f:e5:29:5a:31:96:36:c3:fe:3f:f7:1d:12:72:11:44:c0:a3:aa:30:da,h2
15,1748283214.711068,1748283214.812972,0.102,2401:4900:4e60:b031:a9f2:d144:e598:8196,2606:4700:8393:424e:5576:42c:6810:96f0,scout-cdn.salesloft.com,13,United States,,,,North America,0x0301,1,0x0303,0x9a9a,scout-cdn.salesloft.com,0xaaaa,0,43690,1a:7a:fd:b5:89:10:9b:f6:1d:d4:a5:7a:65:6b:39:75:e4:01:a1:0c:66:2b:60:c3:76:f0:70:4e:e9:4c:59:5f,a4:48:d3:fa:54:fc:b2:06:5a:97:32:a9:be:f1:c8:e2:53:0b:21:e3:46:b2:0a:6d:ad:c8:a5:32:e8:42:38:99,h2
18,1748283214.716316,1748283214.789438,0.073,172.20.10.5,151.101.152.157,static.ads-twitter.com,22,India,Mumbai,,Maharashtra,Asia,0x0301,1,0x0303,0x9a9a,static.ads-twitter.com,0xcaca,0,51914,18:b7:e9:df:03:5c:0a:66:6e:0a:21:7d:34:ce:6f:f9:b6:8a:aa:c7:b5:02:94:94:a3:3c:75:b9:77:c6:1f:fd,1c:e1:5a:30:7b:b7:4d:8e:80:ab:39:f0:70:b9:0a:dd:fc:c3:e3:74:bb:93:d2:e0:c4:c4:a1:f0:b7:e4:38:3b,h2
19,1748283214.798563,1748283215.71446,0.916,172.20.10.5,104.114.92.23,munchkin.marketo.net,12,India,Bengaluru,,Karnataka,Asia,0x0301,1,0x0303,0x0a0a,munchkin.marketo.net,0x2a2a,0,10794,fc:8c:26:e4:02:74:c6:47:d1:97:59:6c:fb:d0:ef:9d:bb:d4:a6:be:f3:f8:b5:5f:29:82:29:35:66:31:0b:7f,01:2f:e2:f7:24:cd:7d:11:c9:23:b4:ae:ed:3d:80:3c:78:9c:79:95:23:98:33:64:d7:ef:81:49:d3:46:b6:25,h2
20,1748283214.907831,1748283214.9998138,0.092,2401:4900:4e60:b031:a9f2:d144:e598:8196,2600:140f:b::b81a:a2ab,cdn.bizibly.com,12,India,Bengaluru,,Karnataka,Asia,0x0301,1,0x0303,0x9a9a,cdn.bizible.com,0x9a9a,0,39578,d2:54:8d:67:22:d6:02:34:5b:02:88:35:ea:53:3b:59:7d:32:2c:c0:d4:77:59:2c:ec:0d:9c:30:9a:ff:58:ae,9a:bb:b3:46:f9:01:ba:1b:2c:0a:6b:1d:33:6b:4c:0d:70:17:61:7f:b1:1e:63:bb:88:43:79:a0:86:e2:b7:92,h2
21,1748283214.933333,1748283215.604645,0.671,2401:4900:4e60:b031:a9f2:d144:e598:8196,2404:6800:4007:82e::2008,www.googletagmanager.com,26,Australia,,,,Oceania,0x0301,1,0x0303,0x6a6a,www.googletagmanager.com,0xeaea,0,60138,37:a9:2f:75:3c:69:96:e0:05:ec:a5:7e:0a:47:b4:38:a0:8e:3e:c3:cd:a0:cf:c7:5e:4f:51:c5:f0:6d:6d:c9,81:44:5b:f0:f4:2f:1b:e1:c1:f7:b5:76:c8:8a:63:41:a0:33:2e:1f:f9:ef:02:e6:e8:12:68:bf:3e:8c:95:17,h2
22,1748283214.962752,1748283215.410464,0.448,172.20.10.5,104.18.16.5,app.qualified.com,81,,,,,,0x0301,1,0x0303,0xdada,js.qualified.com,0x2a2a,0,10794,08:e4:9c:1f:2a:1a:49:7d:fd:12:89:83:91:f2:33:85:e7:6f:7a:c9:c1:d0:26:8b:3e:7b:4f:ba:79:56:06:3d,52:45:9b:fe:97:9a:5b:63:20:68:fc:b6:0a:75:3a:98:44:f6:ac:54:84:14:ee:45:44:b7:4b:a9:c9:d6:1e:3e,h2
23,1748283214.9686148,1748283215.853567,0.885,2401:4900:4e60:b031:a9f2:d144:e598:8196,2600:9000:2149:2a00:1d:8d6d:3b40:93a1,tag-logger.demandbase.com,12,United States,,,,North America,0x0301,1,0x0303,0x4a4a,tag-logger.demandbase.com,0x8a8a,0,35466,25:c7:88:b2:ac:9e:c1:b4:b7:7d:d8:1f:0c:13:0a:a6:9a:be:69:06:28:a1:43:19:30:a3:a4:0f:af:fd:8d:9f,6a:a2:cd:43:d2:59:c1:27:b7:7e:c6:f1:d9:49:16:63:6c:e1:80:37:dc:4f:85:71:0f:67:de:21:fd:b5:e6:8b,h2
24,1748283215.022088,1748283215.584532,0.562,172.20.10.5,66.117.22.191,edge.adobedc.net,19,United States,,,,North America,0x0301,1,0x0303,0x1a1a,edge.adobedc.net,0xfafa,0,64250,1d:68:64:18:0b:71:32:2a:b2:2e:e4:3a:d0:9f:0a:72:74:b1:64:ab:bd:71:a4:b2:75:26:ce:f2:f9:53:e1:72,c1:34:0f:16:1f:b2:d1:c0:81:d0:89:00:74:5d:0c:10:b9:2b:c1:45:bd:c1:53:b1:89:9d:1a:e5:79:62:cd:0e,h2
25,1748283215.361841,1748283215.93208,0.57,2401:4900:4e60:b031:a9f2:d144:e598:8196,2404:6800:4003:c04::9d,stats.g.doubleclick.net,18,Singapore,Singapore,,,Asia,0x0301,1,0x0303,0xbaba,stats.g.doubleclick.net,0xeaea,0,60138,f2:e3:31:a3:d3:09:41:b8:2f:d9:0b:b9:f3:b5:00:9b:2d:a3:d4:d5:63:ee:e2:02:4d:ab:6e:10:06:84:26:b4,85:6b:cc:df:96:57:87:d9:d2:15:32:0a:c5:0e:99:5a:1b:cb:af:00:89:30:c1:f1:c8:4b:0c:73:5d:52:dd:31,h2
31,1748283215.4940789,1748283215.568976,0.075,172.20.10.5,104.18.16.5,app.qualified.com,6,,,,,,0x0301,1,0x0303,0x4a4a,ws.qualified.com,0xfafa,0,64250,d3:9c:2c:0b:c0:78:db:62:f4:6d:a1:75:7d:56:30:4b:a5:dc:93:c5:29:99:55:69:1d:09:05:15:83:d4:fa:cb,95:67:2f:30:ee:e0:15:64:d3:16:ed:e6:80:70:09:54:f9:15:14:00:6e:13:c1:f7:a2:77:92:0c:44:7e:a2:f1,http/1.1
28,1748283215.506906,1748283215.6943538,0.187,172.20.10.5,104.18.26.193,dsum-sec.casalemedia.com,13,,,,,,0x0301,1,0x0303,0xeaea,dsum-sec.casalemedia.com,0xeaea,0,60138,8a:c6:ec:1a:73:79:85:1e:ee:4f:f7:24:9a:e4:bd:1c:01:9d:c8:c5:8e:a9:40:86:cf:51:68:21:6a:23:2a:c0,88:6d:15:39:0b:7b:3f:0e:4f:c2:d8:ff:2a:0d:8b:c2:a7:e9:89:8a:cb:5c:22:d7:af:c2:05:31:a0:ab:e1:64,h2
27,1748283215.514067,1748283215.8985522,0.384,172.20.10.5,35.244.154.8,id.rlcdn.com,15,United States,Kansas City,,Missouri,North America,0x0301,1,0x0303,0x4a4a,id.rlcdn.com,0x3a3a,0,14906,19:ab:85:ff:fe:9f:e7:5c:f7:9d:92:ab:e3:e2:8e:65:86:21:97:fc:45:c3:26:29:00:c6:62:65:fb:de:5a:ec,98:1a:3b:8a:2f:e1:a3:6a:0c:d8:5d:08:f1:f3:ae:43:1f:9a:95:56:6c:70:b5:ec:ff:9c:69:5d:5c:89:20:bb,h2
32,1748283215.5766962,1748283215.8388638,0.262,2401:4900:4e60:b031:a9f2:d144:e598:8196,2404:6800:4009:806::2002,td.doubleclick.net,16,Australia,,,,Oceania,0x0301,1,0x0303,0xeaea,td.doubleclick.net,0x2a2a,0,10794,03:85:fc:5f:48:58:29:a6:dd:e3:4c:6a:61:e0:9f:bd:54:e9:d5:31:6b:19:fb:c7:db:9d:30:cd:98:95:85:61,de:87:54:17:89:0b:f1:40:26:1e:09:58:f1:f9:ce:b4:d4:35:0f:0c:0c:08:e1:48:2a:cf:33:e7:19:5e:39:da,h2
26,1748283215.6548858,1748283216.1875782,0.533,172.20.10.5,3.213.63.102,scout.salesloft.com,15,United States,Ashburn,,Virginia,North America,0x0301,1,0x0303,0x7a7a,scout.salesloft.com,0x6a6a,0,27242,11:9e:4a:50:11:4e:bf:0a:bb:84:9f:b3:00:57:6a:6e:09:bc:49:01:71:c1:3f:11:63:40:c6:d2:bb:24:b3:f6,ae:54:ac:80:14:8a:71:5e:84:2e:02:99:0f:81:64:b3:ae:7a:17:57:f7:b7:64:fe:de:92:3a:d4:51:f1:81:87,h2
30,1748283215.66541,1748283216.0958972,0.43,2401:4900:4e60:b031:a9f2:d144:e598:8196,2600:1f10:4ce4:4a00:ba:5491:2d2a:b2ef,partners.tremorhub.com,12,United States,Ashburn,,Virginia,North America,0x0301,1,0x0303,0xdada,partners.tremorhub.com,0xaaaa,0,43690,6b:f6:4e:1e:e6:c9:af:83:2a:c9:8a:70:65:9c:49:ef:9f:19:51:c5:27:30:ae:95:d1:10:c7:ea:b3:46:a8:4c,30:6e:dc:83:4c:98:36:ce:57:17:ba:dc:2b:12:d4:08:75:00:5e:65:03:30:25:fd:2d:cb:04:a3:ce:50:3f:aa,h2
35,1748283215.7239401,1748283216.02812,0.304,172.20.10.5,172.66.0.227,analytics.twitter.com,11,,,,,,0x0301,1,0x0303,0x2a2a,t.co,0x1a1a,0,6682,81:35:d2:6b:f9:bb:9f:45:a8:d0:fe:bc:3d:51:59:35:9e:f0:c8:50:a3:3c:0d:03:2a:79:19:c0:69:24:9d:ba,e0:88:80:40:99:1e:69:e7:23:a0:b9:ab:78:94:96:41:3e:0c:a7:4f:db:42:96:c7:2e:44:28:e8:38:aa:0a:f4,h2
36,1748283215.730145,1748283215.774817,0.045,2401:4900:4e60:b031:a9f2:d144:e598:8196,2600:140f:b::b81a:a2ab,cdn.bizibly.com,9,India,Bengaluru,,Karnataka,Asia,0x0301,1,0x0303,0x5a5a,cdn.bizibly.com,0xaaaa,0,43690,9b:56:62:46:a9:e6:c0:b9:7a:4d:b3:69:ff:3d:2a:0a:24:25:7f:96:12:eb:b7:52:6f:04:c7:36:52:f2:c8:81,db:54:79:79:6b:73:6f:41:b9:d2:c0:a5:f5:10:00:5d:2a:1d:2f:25:38:1b:6f:f4:8e:93:71:c1:1e:a9:eb:75,h2
39,1748283215.75983,1748283216.03726,0.277,172.20.10.5,172.66.0.227,analytics.twitter.com,12,,,,,,0x0301,1,0x0303,0x2a2a,analytics.twitter.com,0xfafa,0,64250,1c:31:45:b7:00:34:43:c6:2e:84:64:22:b8:6b:69:e8:d1:16:5d:67:31:72:0b:0b:76:7a:3e:c8:6a:0c:96:c2,3c:05:a3:31:9c:2c:ef:b4:cd:01:1f:6f:9e:db:4a:40:e1:97:36:83:76:42:c4:55:c9:bd:b6:f2:c7:b6:2d:72,h2
38,1748283215.7842848,1748283216.020214,0.236,172.20.10.5,69.173.158.64,pixel.rubiconproject.com,9,Singapore,Singapore,,,Asia,0x0301,1,0x0303,0xfafa,pixel.rubiconproject.com,0x1a1a,0,6682,36:80:42:d1:0d:99:81:4a:3c:24:72:21:0b:02:03:95:92:23:bb:91:32:f6:5e:8f:f8:96:0d:81:ce:ec:c2:1d,b9:6f:89:7e:09:4c:36:e5:66:df:5d:f7:0b:6b:c2:e4:8a:e4:59:43:3b:62:95:45:9c:2f:08:20:29:0d:af:fe,h2
33,1748283215.804966,1748283216.17929,0.374,172.20.10.5,3.213.63.102,scout.salesloft.com,8,United States,Ashburn,,Virginia,North America,0x0301,1,0x0303,0xfafa,scout.salesloft.com,0x1a1a,0,6682,30:bf:8a:c0:38:bd:5e:ba:d8:57:19:43:79:10:ac:98:2f:d0:e4:e2:b3:6b:5b:5a:d4:c3:9a:98:04:86:9c:a4,5f:9a:f1:ca:97:01:a7:d6:65:8e:c7:0c:42:6c:9f:7f:6b:c5:d4:63:35:fa:4b:57:08:ed:b1:ca:86:3a:44:b8,h2
34,1748283215.815606,1748283216.186094,0.37,2401:4900:4e60:b031:a9f2:d144:e598:8196,2600:1f10:4ce4:4a00:ba:5491:2d2a:b2ef,partners.tremorhub.com,7,United States,Ashburn,,Virginia,North America,0x0301,1,0x0303,0xdada,partners.tremorhub.com,0xeaea,0,60138,f7:9e:be:d9:16:03:df:9d:d4:46:4b:4f:57:cd:14:01:52:c1:36:45:c2:3e:3b:da:9f:8a:b3:49:18:07:24:fa,60:c3:8b:7b:79:6c:de:ca:c7:69:4b:05:9a:03:73:ae:9e:ff:98:ff:5b:4a:41:58:93:71:69:71:c7:72:84:31,h2
41,1748283215.876408,1748283216.1171641,0.241,172.20.10.5,150.171.22.14,px4.ads.linkedin.com,17,United States,,,,North America,0x0301,1,0x0303,0xcaca,px4.ads.linkedin.com,0xaaaa,0,43690,d7:2b:3d:69:b7:68:5a:a0:eb:d3:bd:af:bd:07:ff:3a:40:48:fc:be:f9:cb:45:19:86:3e:23:d9:d1:0e:e4:2c,49:4f:ac:2e:0f:d6:65:af:e3:31:8d:ac:18:49:5b:c5:09:17:02:87:26:b1:f9:18:e4:1f:d0:80:dd:92:5b:6f,h2
42,1748283215.88239,1748283215.9891279,0.107,172.20.10.5,150.171.22.14,px4.ads.linkedin.com,6,United States,,,,North America,0x0301,1,0x0303,0x0a0a,px4.ads.linkedin.com,0x4a4a,0,19018,60:24:49:0e:a3:55:77:e5:ba:b8:9a:37:35:4f:a7:61:e1:06:14:b3:db:b5:0c:8e:49:1c:94:a8:1f:88:b6:57,b0:1e:d1:91:41:3e:12:bd:cb:b5:0b:fa:2b:88:ef:12:46:27:bb:8f:a5:32:4e:cb:d3:f0:75:ed:2d:e4:f8:22,h2
45,1748283215.975424,1748283216.129641,0.154,172.20.10.5,99.86.182.49,segments.company-target.com,8,United States,,,,North America,0x0301,1,0x0303,0xfafa,segments.company-target.com,0x1a1a,0,6682,1e:43:e5:5e:40:ea:0c:31:af:bc:5a:cd:11:6d:23:1c:d3:d2:e1:8b:96:bf:f0:67:21:46:5c:1e:6f:cc:5e:d1,81:1d:21:3c:77:c9:0a:18:81:b6:b3:ab:92:cc:22:40:40:58:25:f6:eb:44:d9:58:5b:14:12:fd:82:ae:4a:36,h2
47,1748283216.022364,1748283216.1145978,0.092,2401:4900:4e60:b031:a9f2:d144:e598:8196,2606:4700:91b2:7cbc:c276:42c:5ff2:75c4,Unknown,8,United States,,,,North America,0x0303,N/A,N/A,N/A,N/A,N/A,N/A,N/A,N/A,N/A,N/A
49,1748283216.097584,1748283216.1663392,0.069,2401:4900:4e60:b031:a9f2:d144:e598:8196,2620:1ec:33::10,bat.bing.net,14,United States,,,,North America,0x0301,1,0x0303,0xcaca,bat.bing.net,0x1a1a,0,6682,12:33:fc:0b:72:74:02:58:ba:6a:8b:99:35:aa:96:71:9b:84:12:3a:f4:47:39:e4:7a:85:b5:48:07:0c:b9:3a,10:1f:9a:fc:d4:e0:e4:4b:5d:aa:53:15:5d:f6:e8:18:8c:60:ee:8c:42:61:04:dd:41:61:8c:9a:e0:cc:c5:61,h2
40,1748283216.0526562,1748283216.688305,0.636,172.20.10.5,104.198.23.205,r.logr-ingest.com,18,United States,Council Bluffs,,Iowa,North America,0x0301,1,0x0303,0xaaaa,r.logr-ingest.com,0x2a2a,0,10794,e1:b3:64:ee:cb:81:8a:fe:a2:04:d9:2e:70:77:ad:68:2b:76:bd:b5:58:91:b7:ee:c2:6e:d6:85:f4:74:d6:c4,b6:72:b6:2b:3d:da:9b:35:b2:82:07:d3:f1:73:50:81:27:b0:12:41:6c:fa:b3:0b:3f:a2:8c:dd:e3:ae:c1:8f,h2
46,1748283216.131305,1748283216.690847,0.56,172.20.10.5,192.28.144.124,713-xsc-918.mktoresp.com,8,United States,,,,North America,0x0301,1,0x0303,0x0a0a,713-xsc-918.mktoresp.com,0xbaba,0,47802,78:8f:57:3c:a9:98:d7:82:2f:91:19:0d:13:52:fc:2f:aa:d3:10:94:3e:2d:fd:7b:c0:7b:9c:98:a5:e3:fc:da,ab:50:3b:fa:ee:02:79:ae:93:9b:f8:7e:79:94:d5:c5:d3:69:0a:b9:a6:d2:bd:ba:0d:79:53:54:0a:07:1b:d7,h2
48,1748283216.1609442,1748283216.671084,0.51,172.20.10.5,104.198.23.205,r.logr-ingest.com,8,United States,Council Bluffs,,Iowa,North America,0x0301,1,0x0303,0xbaba,r.logr-ingest.com,0x9a9a,0,39578,0e:e7:4a:35:db:df:d8:ff:77:99:20:19:fd:f1:41:f1:76:12:1a:80:33:c9:8f:df:93:54:ce:7d:49:3d:24:7a,83:a4:aa:49:70:a3:35:77:44:91:cf:32:72:cc:7e:d3:57:4c:c7:dc:6b:14:b2:55:2d:85:b7:bc:5a:a4:3b:53,h2
50,1748283216.2037709,1748283216.6895611,0.486,172.20.10.5,192.28.144.124,713-xsc-918.mktoresp.com,6,United States,,,,North America,0x0301,1,0x0303,0xeaea,713-xsc-918.mktoresp.com,0xfafa,0,64250,3a:94:dd:ac:1d:cc:95:1a:79:6b:b6:cf:8e:10:2a:fc:d6:03:4a:4a:d8:b5:72:5c:fa:73:03:53:6c:12:7e:eb,36:6d:09:b9:68:c1:84:8f:cb:fa:36:b8:2e:5b:01:41:42:ed:91:50:64:f3:cb:f6:b5:86:a6:1d:4c:7c:2c:d2,h2
54,1748283218.189804,1748283218.217567,0.028,172.20.10.5,104.18.17.5,assets.qualified.com,4,,,,,,0x0301,1,0x0303,0xeaea,assets.qualified.com,0x9a9a,0,39578,2b:33:da:a4:1e:cb:16:2a:1b:43:b9:66:24:86:0c:9b:7e:79:f6:1a:9d:94:f0:b6:1d:88:46:60:73:31:3c:b8,87:39:52:0d:4f:de:36:f2:72:16:63:2d:7f:bc:bd:b9:83:28:ef:68:6d:76:38:2f:27:fc:85:92:94:80:56:4d,h2
37,1748283215.7359,1748283219.184795,3.449,2401:4900:4e60:b031:a9f2:d144:e598:8196,2620:1ec:33::10,bat.bing.net,48,United States,,,,North America,0x0301,1,0x0303,0xfafa,bat.bing.com,0xbaba,0,47802,f6:8d:91:8a:b1:ac:a0:32:f1:a5:75:45:fa:53:59:fc:2b:7c:47:3f:0c:e8:84:b6:59:52:07:f4:a0:81:6a:d5,0c:fe:d0:71:bb:cc:c5:ac:9e:ec:24:b1:14:7e:b8:fa:a6:6e:b3:34:9f:64:7f:9b:e8:f2:5c:3d:43:68:ef:37,h2
52,1748283217.420326,1748283219.117022,1.697,172.20.10.5,104.18.16.5,app.qualified.com,173,,,,,,0x0301,1,0x0303,0x8a8a,app.qualified.com,0x2a2a,0,10794,05:3f:a7:4d:a5:2d:1e:11:de:bb:8c:b3:cf:d4:f2:ca:4f:fb:b1:03:d1:20:a4:be:9c:f0:10:fd:74:9a:70:5f,a6:c7:e3:24:8a:dd:15:04:73:4b:97:c9:0a:5b:46:d5:55:14:fd:5d:ff:f9:51:27:a6:aa:c0:52:76:78:f1:c4,h2
53,1748283218.176878,1748283218.468435,0.292,172.20.10.5,104.18.17.5,assets.qualified.com,96,,,,,,0x0301,1,0x0303,0x7a7a,assets.qualified.com,0x1a1a,0,6682,4c:a6:ac:13:ee:c7:5d:a3:4f:d1:a6:b5:74:1f:d7:34:ce:7a:90:7c:de:4f:8d:91:b2:56:53:12:78:96:f4:e4,c6:7b:9f:5f:ea:7f:e0:d7:6e:74:ef:e8:89:c5:00:75:17:10:69:43:41:a0:84:d7:91:88:c2:fa:26:08:45:64,h2
55,1748283219.0561762,1748283219.102117,0.046,2401:4900:4e60:b031:a9f2:d144:e598:8196,2606:4700:9760:fe72:8376:6:6810:4f49,static.cloudflareinsights.com,19,United States,,,,North America,0x0301,1,0x0303,0x9a9a,static.cloudflareinsights.com,0x8a8a,0,35466,62:bd:74:5c:cc:07:89:a2:9d:15:35:9f:19:ff:a0:63:55:91:38:3b:b5:be:36:3c:d4:a4:b0:51:e2:b2:08:6a,02:bb:33:22:ed:5e:78:5f:60:c8:2e:d1:ce:bd:5b:12:ce:ba:10:9e:87:ec:8b:9b:a4:1e:ea:3e:7a:d2:a6:89,h2
56,1748283219.061568,1748283219.109877,0.048,172.20.10.5,34.120.195.249,o209747.ingest.us.sentry.io,15,United States,Kansas City,,Missouri,North America,0x0301,1,0x0303,0x3a3a,o209747.ingest.us.sentry.io,0x6a6a,0,27242,fd:b4:dd:dc:c3:a1:32:64:5e:8e:3d:75:2f:b3:90:41:8b:fd:e2:6f:3c:8d:7d:d8:a1:7f:f7:1c:29:a9:62:99,84:c4:75:42:29:41:97:77:91:cc:44:ef:bf:75:30:ef:40:ef:48:a8:79:c8:6e:4d:c7:15:ca:83:4f:eb:a4:47,h2
29,1748283215.500248,1748283220.6962938,5.196,172.20.10.5,104.18.16.5,app.qualified.com,21,,,,,,0x0301,1,0x0303,0x1a1a,app.qualified.com,0xfafa,0,64250,5d:be:c1:86:dd:a7:2d:ab:00:16:d7:58:99:7d:2e:95:3d:d0:e8:71:75:4c:e2:c5:06:99:21:93:cb:1e:8a:d7,fe:ed:60:fd:fc:24:bc:bc:34:a4:e4:6b:de:53:38:71:ab:92:88:f7:9b:de:6a:ab:82:35:41:13:24:c0:4b:ac,h2
43,1748283215.926775,1748283220.731688,4.805,2401:4900:4e60:b031:a9f2:d144:e598:8196,2404:6800:4007:835::200e,analytics.google.com,25,Australia,,,,Oceania,0x0301,1,0x0303,0x8a8a,analytics.google.com,0x5a5a,0,23130,9f:b7:58:7b:ea:f5:37:f4:26:de:3f:04:70:27:b4:7d:c6:8b:65:d7:2d:aa:e8:ec:c1:de:1b:a8:2e:58:a2:2c,88:9a:d7:83:cc:ed:09:6a:23:5f:e3:c2:49:ba:cd:42:53:2f:68:a9:66:5d:76:ab:12:35:41:94:dc:1c:db:10,h2
58,1748283219.942297,1748283220.4603982,0.518,172.20.10.5,35.223.238.178,178.238.223.35.bc.googleusercontent.com,3,United States,Council Bluffs,,Iowa,North America,0x0303,N/A,N/A,N/A,N/A,N/A,N/A,N/A,N/A,N/A,N/A
59,1748283220.7155762,1748283221.711808,0.996,172.20.10.5,16.15.184.116,qualified-production.s3.us-east-1.amazonaws.com,18,United States,Ashburn,,Virginia,North America,0x0301,1,0x0303,0x5a5a,qualified-production.s3.us-east-1.amazonaws.com,0x8a8a,0,35466,4f:38:ef:cf:e0:a7:42:43:82:b7:41:6d:c5:3c:39:1d:b0:a0:6b:82:d2:ec:a8:75:a3:f3:29:b0:a3:c1:80:08,8f:13:be:ae:e1:73:87:f5:a0:64:db:05:20:a1:be:e5:f6:1c:b1:50:de:4f:b2:9a:1e:b9:76:44:77:37:37:77,h2
1,1748283220.948193,1748283221.446319,0.498,2a03:2880:f34e:121:face:b00c:0:7260,2401:4900:4e60:b031:a9f2:d144:e598:8196,Unknown,6,India,Bengaluru,,Karnataka,Asia,N/A,N/A,N/A,N/A,N/A,N/A,N/A,N/A,N/A,N/A,N/A
60,1748283220.961251,1748283221.471283,0.51,172.20.10.5,16.15.184.116,qualified-production.s3.us-east-1.amazonaws.com,10,United States,Ashburn,,Virginia,North America,0x0301,1,0x0303,0x7a7a,qualified-production.s3.us-east-1.amazonaws.com,0x6a6a,0,27242,d5:61:25:52:2e:a0:aa:57:21:00:71:a1:53:cd:e5:c9:27:eb:62:b6:eb:ca:a5:81:af:ee:e0:c1:c4:b8:b5:ad,9c:ab:b4:f5:85:91:21:93:42:61:2e:d8:e4:d8:6e:a2:b9:d0:c7:76:ec:22:b2:55:6d:d4:4e:88:ab:62:4b:eb,h2
44,1748283542.042038,1748283544.3298612,2.288,2401:4900:4e60:b031:a9f2:d144:e598:8196,2606:4700:9762:7cbc:c276:42a:5ff2:75c4,chatgpt.com,28,United States,,,,North America,0x0301,1,0x0303,0x8a8a,chatgpt.com,0x0a0a,0,2570,3f:95:b4:09:09:30:f9:8f:03:ee:d6:bb:4d:70:73:3d:ee:16:fe:07:66:c4:cc:73:c7:10:e1:49:fa:0a:c5:08,5e:33:3b:8e:04:84:a7:00:08:ad:0c:3c:7b:cf:6a:f1:7e:fc:5e:ba:dd:1a:04:a0:cb:57:5c:06:9b:e5:80:19,h2
51,1748283544.563503,1748283545.076749,0.513,172.20.10.5,3.92.248.250,api-iam.intercom.io,5,United States,Ashburn,,Virginia,North America,0x0301,1,0x0303,0x0a0a,api-iam.intercom.io,0x8a8a,0,35466,e8:58:e3:a9:b6:8a:54:36:92:d9:6e:75:19:b2:89:c4:cd:4b:de:92:34:a6:ec:0d:d2:4a:b5:c0:43:f8:f2:1a,15:b6:7f:0d:4a:91:ec:47:b9:17:de:80:85:a5:9c:f5:7c:dd:6b:fd:e4:c6:e5:1b:d3:e3:76:fe:a3:79:18:e1,h2
57,1748283567.432906,1748283567.4537652,0.021,2401:4900:4e60:b031:a9f2:d144:e598:8196,2404:6800:4007:804::2004,t0.gstatic.com,7,Australia,,,,Oceania,0x0301,1,0x0303,0x6a6a,t0.gstatic.com,0xeaea,0,60138,ca:c2:a9:3b:b5:21:d7:5e:6d:86:26:29:d4:f7:0e:38:3e:c5:bc:b6:1a:20:4f:ba:05:c3:7d:d2:39:c7:23:d5,e4:37:b9:1e:dc:76:77:af:67:ac:b1:6f:d5:0d:5c:7f:5f:aa:b8:a5:2a:60:9f:f7:bd:4d:f7:09:50:25:d4:e4,h2
44,1748283576.484404,1748283579.213988,2.73,2401:4900:4e60:b031:a9f2:d144:e598:8196,2606:4700:9762:7cbc:c276:42a:5ff2:75c4,chatgpt.com,18,United States,,,,North America,0x0303,N/A,N/A,N/A,N/A,N/A,N/A,N/A,N/A,N/A,N/A
61,1748283579.510186,1748283579.729745,0.22,2401:4900:4e60:b031:a9f2:d144:e598:8196,2606:50c0:8000::153,metamask.github.io,18,United States,,,,North America,0x0301,1,0x0303,0x9a9a,metamask.github.io,0x0a0a,0,2570,5b:d0:fe:08:52:44:69:1e:a5:8f:37:31:d0:ad:1b:bb:8c:4a:eb:75:2e:67:35:5e:06:c1:af:7b:b6:b2:18:b6,ae:ce:ff:a5:05:10:55:13:ca:9d:49:30:be:80:e4:16:30:18:38:a3:50:5d:55:87:7f:49:56:50:ba:8c:57:be,h2
63,1748283579.983297,1748283580.0187619,0.035,172.20.10.5,216.150.1.193,supabase.com,6,United States,,,,North America,0x0301,1,0x0303,0xaaaa,supabase.com,0xaaaa,0,43690,b4:5c:41:26:af:9b:5f:03:85:a3:2d:f9:52:cd:f9:56:bc:58:ee:0a:50:78:d5:59:79:23:7e:f1:f5:27:2d:3d,59:c5:05:83:f1:91:22:6c:92:4f:30:22:a6:40:3e:88:8e:e6:95:0e:b0:e3:bd:51:27:93:fb:c0:ce:f5:a6:37,h2
64,1748283580.2575219,1748283580.285588,0.028,2401:4900:4e60:b031:a9f2:d144:e598:8196,2606:4700:9765:8ada:b476:6:6b7:a4b,api.supabase.com,4,United States,,,,North America,0x0301,1,0x0303,0x2a2a,frontend-assets.supabase.com,0x1a1a,0,6682,8d:18:ef:c6:e2:78:1a:5d:bc:78:d8:f3:49:73:ba:4e:0b:07:a2:e8:ea:90:be:a0:19:ac:14:c8:e5:a4:ec:4c,3f:c4:04:2b:f4:15:66:58:c1:22:91:50:92:bd:7d:7f:c7:0e:55:3b:ce:ab:68:b1:da:5d:55:30:33:c2:5e:bd,h2
65,1748283580.264672,1748283580.787797,0.523,2401:4900:4e60:b031:a9f2:d144:e598:8196,2606:4700:9765:8ada:b476:6:6b7:a4b,api.supabase.com,129,United States,,,,North America,0x0301,1,0x0303,0xfafa,frontend-assets.supabase.com,0x6a6a,0,27242,c8:7f:13:74:ad:dc:50:3d:fe:fe:d7:bd:05:f5:c8:55:87:41:6a:14:ff:61:19:ac:dd:d6:be:dc:08:a0:29:f8,43:c8:70:c9:58:45:9d:0b:a9:01:7f:8a:4e:0f:56:43:6d:6e:50:97:74:ce:f7:c1:fd:15:50:b3:22:e3:e0:f5,h2
67,1748283581.224905,1748283581.2715678,0.047,2401:4900:4e60:b031:a9f2:d144:e598:8196,2606:50c0:8000::153,metamask.github.io,15,United States,,,,North America,0x0301,1,0x0303,0xfafa,metamask.github.io,0x3a3a,0,14906,34:e9:64:31:57:e9:0b:48:4c:17:33:3d:57:95:39:ce:b7:05:8d:cc:37:cb:97:1a:64:11:d0:da:6a:c0:2f:67,fb:16:42:e5:25:13:45:50:a4:cb:ae:d9:01:ca:2f:f9:7c:d4:97:19:00:52:e6:c1:28:7c:86:ae:01:6d:a2:8b,h2
68,1748283581.339571,1748283582.048874,0.709,172.20.10.5,34.120.195.249,o398706.ingest.us.sentry.io,25,United States,Kansas City,,Missouri,North America,0x0301,1,0x0303,0x0a0a,o398706.ingest.us.sentry.io,0xfafa,0,64250,ae:a1:e5:98:b5:97:00:fb:c2:a5:37:8d:b7:cf:92:8a:c1:21:d9:26:a3:d0:00:5e:a2:5d:d5:08:93:35:02:db,97:c0:e6:17:1f:75:93:dd:5b:dd:b6:ec:57:00:c8:f5:b5:17:4c:ef:bd:08:a8:9d:f2:34:7e:c5:2e:32:81:e3,h2
70,1748283581.8836758,1748283581.942511,0.059,2401:4900:4e60:b031:a9f2:d144:e598:8196,2606:4700:9765:8ada:b476:6:6b7:a4b,api.supabase.com,4,United States,,,,North America,0x0301,1,0x0303,0x4a4a,api.supabase.com,0xaaaa,0,43690,0c:8f:3b:3a:cd:43:4e:5f:2e:bb:07:ca:b2:5c:b9:55:14:d7:36:a6:e2:ec:77:fa:8e:3d:82:d6:0f:a3:15:d9,18:f2:4c:1f:e9:60:ef:40:e9:45:e7:51:49:21:4a:0c:91:d8:42:44:2f:25:be:51:f6:52:cb:4a:a5:70:0c:a0,h2
71,1748283581.8990998,1748283581.979317,0.08,2401:4900:4e60:b031:a9f2:d144:e598:8196,2606:4700:9765:8ada:b476:6:6b7:a4b,api.supabase.com,4,United States,,,,North America,0x0301,1,0x0303,0x9a9a,api.supabase.com,0xfafa,0,64250,60:23:1c:d5:9e:34:5f:e7:d4:a4:b3:3c:a4:3e:96:78:63:43:99:79:25:58:7b:94:f1:0c:5a:7c:24:4d:94:b0,b0:e7:08:42:2b:e8:d0:ea:13:19:46:3d:67:33:a9:40:9b:c6:9d:3c:f6:82:5a:03:1e:54:f3:a9:f7:89:f6:ff,h2
73,1748283581.904778,1748283581.963938,0.059,2401:4900:4e60:b031:a9f2:d144:e598:8196,2606:4700:9765:8ada:b476:6:6b7:a4b,api.supabase.com,4,United States,,,,North America,0x0301,1,0x0303,0x5a5a,api.supabase.com,0x7a7a,0,31354,e6:46:2c:86:41:52:ef:87:d9:f5:4e:58:8f:7a:69:cd:2a:d4:9d:da:6f:51:b4:e2:fb:2a:b8:e1:53:c9:bc:5c,23:6b:18:aa:27:fe:35:7a:cf:4d:89:1e:74:43:40:fe:c4:91:b1:9f:50:b8:4e:3d:7a:fa:8b:a4:08:15:aa:8c,h2
74,1748283581.910589,1748283581.974436,0.064,2401:4900:4e60:b031:a9f2:d144:e598:8196,2606:4700:9765:8ada:b476:6:6b7:a4b,api.supabase.com,4,United States,,,,North America,0x0301,1,0x0303,0xaaaa,api.supabase.com,0x8a8a,0,35466,3f:85:09:0a:e3:1f:a7:39:b3:61:58:1a:f5:1d:6a:28:88:f3:9b:57:b4:d1:93:eb:98:91:cd:a6:d0:a2:61:2e,b6:42:f9:70:8a:e6:54:96:a4:53:59:de:1a:56:33:d9:a8:5c:97:7b:16:2c:96:e5:97:14:f4:7e:78:7b:ba:6d,h2
72,1748283581.91637,1748283581.969526,0.053,2401:4900:4e60:b031:a9f2:d144:e598:8196,2606:4700:9765:8ada:b476:6:6b7:a4b,api.supabase.com,4,United States,,,,North America,0x0301,1,0x0303,0x3a3a,api.supabase.com,0x9a9a,0,39578,ee:c2:46:6c:82:ca:aa:92:ad:bf:1f:b7:70:ba:92:41:1a:2f:07:ec:18:bf:2e:d2:44:96:b2:cb:11:52:15:72,7d:79:92:b7:0a:e5:9f:f6:8e:d5:a1:0f:af:b6:be:c9:3a:29:20:f0:3f:15:4e:11:06:ef:44:61:d8:df:19:91,h2
75,1748283581.944282,1748283582.2362251,0.292,2401:4900:4e60:b031:a9f2:d144:e598:8196,2600:1901:0:c07c::,api.usercentrics.eu,17,United States,Kansas City,,Missouri,North America,0x0301,1,0x0303,0x4a4a,api.usercentrics.eu,0x5a5a,0,23130,b4:08:35:6b:b9:56:2c:01:df:9d:e7:fc:94:9b:02:67:3e:70:e7:11:9f:12:60:cb:8d:d9:b8:76:aa:f3:85:9e,4e:9c:1b:05:e6:32:cf:78:48:1f:26:9c:1e:96:18:72:49:fb:e1:09:95:ec:6b:88:5e:f6:89:9d:8b:ec:61:9a,h2
77,1748283582.1200361,1748283582.223092,0.103,2401:4900:4e60:b031:a9f2:d144:e598:8196,2404:6800:4007:80b::200a,content-autofill.googleapis.com,16,Australia,,,,Oceania,0x0301,1,0x0303,0x7a7a,content-autofill.googleapis.com,0x9a9a,0,39578,7b:7d:f3:c0:d1:c2:c3:2b:5a:72:84:56:df:42:24:a8:b6:31:f3:10:05:40:24:c2:36:4c:ed:04:85:3b:ce:1c,62:63:2d:f6:48:3a:a5:19:2a:f9:a3:9a:30:20:3c:c2:ff:14:fe:9d:9c:c9:3b:84:9e:4a:cc:30:85:f3:cd:27,h2
79,1748283582.500263,1748283582.525856,0.026,2401:4900:4e60:b031:a9f2:d144:e598:8196,2600:9000:24d8:dc00:2:496a:a40:93a1,stackblitz.com,7,United States,,,,North America,0x0301,1,0x0303,0xbaba,stackblitz.com,0x8a8a,0,35466,f7:cc:df:ac:9a:73:66:93:18:47:07:18:84:fd:fa:53:bf:b2:f0:07:13:4f:c2:41:d2:70:64:68:4f:88:6f:c8,92:fa:86:5f:2b:46:a1:84:e7:7c:34:26:e0:67:18:83:f7:22:13:95:f3:35:92:3f:78:f1:f0:32:fd:42:cb:e4,h2
80,1748283582.82466,1748283583.032052,0.207,2401:4900:4e60:b031:a9f2:d144:e598:8196,2606:4700:839b:3ae0:1576:6:4433:9856,c.staticblitz.com,4,United States,,,,North America,0x0301,1,0x0303,0x5a5a,c.staticblitz.com,0x7a7a,0,31354,3e:0b:e2:e3:da:83:5d:6c:8c:95:54:1d:0f:70:69:e8:20:df:41:c4:d7:8e:a5:61:fa:d8:4b:42:dd:a7:46:9e,3c:17:01:d5:61:49:3c:d3:d3:03:c2:ce:db:c1:89:66:42:e7:31:6c:7c:c6:27:14:3b:1d:4d:e3:84:9a:50:73,h2
83,1748283583.034415,1748283583.19209,0.158,2401:4900:4e60:b031:a9f2:d144:e598:8196,2600:1901:0:5987::,app.usercentrics.eu,14,United States,Kansas City,,Missouri,North America,0x0301,1,0x0303,0xdada,app.usercentrics.eu,0xbaba,0,47802,9c:ff:25:fb:89:c1:dd:31:c5:96:1e:d1:c1:42:b0:42:ad:e1:4e:fd:ef:1c:56:e1:ba:c9:43:cb:92:a3:f9:24,dd:60:c7:06:5d:ba:ca:4c:7d:8b:c0:f2:4b:7b:07:6b:05:be:0c:c8:cb:eb:7f:5a:c6:7d:87:ca:4c:4e:ba:02,h2
69,1748283581.8897128,1748283584.230967,2.341,2401:4900:4e60:b031:a9f2:d144:e598:8196,2606:4700:9765:8ada:b476:6:6b7:a4b,api.supabase.com,24,United States,,,,North America,0x0301,1,0x0303,0x0a0a,api.supabase.com,0xdada,0,56026,29:6a:7d:9a:bf:6d:7e:d7:88:af:b4:d0:43:d2:e2:16:10:9d:59:f5:95:d5:4b:3a:36:fd:4d:e0:4a:2b:19:ee,6e:de:d9:b7:6f:d9:6b:99:e2:cd:2c:1b:fc:79:da:6a:de:f2:ce:5a:0b:32:83:fd:db:c8:bd:25:f3:bc:7d:cc,h2
76,1748283582.037588,1748283584.34027,2.303,2401:4900:4e60:b031:a9f2:d144:e598:8196,2606:4700:9765:8ada:b476:6:6b7:a4b,api.supabase.com,16,United States,,,,North America,0x0301,1,0x0303,0x3a3a,api.supabase.com,0x8a8a,0,35466,54:fe:d6:a4:d1:4c:a3:f3:ae:42:f6:60:c1:17:05:81:d2:19:e6:b7:1c:6f:f9:4e:ba:89:63:80:7c:d0:c7:db,30:5f:38:71:d4:f1:a8:e1:98:1a:19:ce:a4:a7:41:2b:87:c3:31:6c:fe:a2:77:b0:52:af:bc:17:45:37:7b:95,h2
78,1748283582.492655,1748283585.042463,2.55,2401:4900:4e60:b031:a9f2:d144:e598:8196,2600:9000:24d8:dc00:2:496a:a40:93a1,stackblitz.com,28,United States,,,,North America,0x0301,1,0x0303,0xcaca,stackblitz.com,0x3a3a,0,14906,01:d5:31:cc:0c:c7:e4:ba:f9:b7:cc:98:87:19:49:e2:1a:ff:da:0a:8f:6f:c4:e0:3b:05:d6:20:8a:e2:5f:15,fe:2b:6f:52:20:7f:3b:c0:dc:df:f5:62:2c:3a:1c:cc:be:58:b8:3f:4a:20:5e:44:90:64:ac:63:f4:7e:b2:15,h2
81,1748283582.818953,1748283584.166892,1.348,2401:4900:4e60:b031:a9f2:d144:e598:8196,2606:4700:839b:3ae0:1576:6:4433:9856,c.staticblitz.com,80,United States,,,,North America,0x0301,1,0x0303,0x4a4a,c.staticblitz.com,0x7a7a,0,31354,46:4a:50:9f:f6:94:0a:8b:2d:8a:89:e3:c4:a3:10:04:29:f5:09:84:0d:54:28:66:a3:11:50:72:dc:33:24:88,b2:cd:0d:aa:44:db:eb:89:43:ad:27:c4:40:b6:c0:2e:e5:1a:92:7a:74:96:9d:95:aa:10:b8:be:10:b8:d1:5e,h2
82,1748283582.998445,1748283584.175238,1.177,2401:4900:4e60:b031:a9f2:d144:e598:8196,2606:4700:839b:3ae0:1576:6:4433:9856,c.staticblitz.com,144,United States,,,,North America,0x0301,1,0x0303,0xdada,c.staticblitz.com,0x0a0a,0,2570,67:1c:1c:e4:f1:60:64:4a:51:01:44:8c:ac:4d:e9:f5:2b:f5:ed:58:1d:c3:12:e4:13:b7:90:92:c7:e9:c8:01,8d:91:85:0d:a3:7e:67:01:58:14:9a:c2:da:a8:bc:33:f0:44:6d:bd:eb:5f:c6:c6:a0:50:04:6b:17:0a:84:da,h2
84,1748283583.708651,1748283584.521125,0.812,2401:4900:4e60:b031:a9f2:d144:e598:8196,2404:6800:4009:80a::2008,www.googletagmanager.com,251,Australia,,,,Oceania,0x0301,1,0x0303,0x4a4a,www.googletagmanager.com,0x5a5a,0,23130,fc:f4:07:51:be:37:e9:ca:66:56:24:7d:ef:00:d3:5e:e0:6a:8b:6e:0e:38:a1:ff:0c:9f:ce:bd:fe:3a:92:c4,77:64:1e:a9:24:ec:91:e8:4e:1f:89:3d:06:7f:7a:3d:74:5e:5e:52:20:dc:0c:f5:3b:d0:64:5a:ac:53:c8:3e,h2
85,1748283583.726372,1748283584.1188538,0.392,2401:4900:4e60:b031:a9f2:d144:e598:8196,2600:1901:0:256b::,aggregator.service.usercentrics.eu,25,United States,Kansas City,,Missouri,North America,0x0301,1,0x0303,0xeaea,aggregator.service.usercentrics.eu,0x1a1a,0,6682,b2:94:0c:70:e7:a3:1d:66:ee:96:b2:77:c7:f9:c9:cb:e0:9f:86:63:5d:1c:16:88:9b:b6:ae:d9:88:93:77:ce,af:fb:07:f7:85:61:ab:64:d4:39:28:84:cd:e2:d2:45:f3:14:a2:84:ec:bc:23:74:94:d0:ae:6c:b8:73:df:a7,h2
86,1748283583.768057,1748283584.37169,0.604,172.20.10.5,99.86.181.134,cdn.segment.com,35,United States,,,,North America,0x0301,1,0x0303,0x5a5a,cdn.segment.com,0x9a9a,0,39578,2e:16:de:a7:2d:6d:c4:8f:4b:b0:ac:32:34:2b:1d:e0:94:c5:91:31:68:90:5f:a2:2e:2c:d3:56:76:a0:54:7a,ac:e3:b9:53:f3:71:bb:07:a9:39:e4:7c:9c:a3:c2:a4:85:fd:57:bf:f2:7d:3a:7e:33:e7:ab:0b:79:92:5f:be,h2
87,1748283583.824764,1748283583.9656808,0.141,172.20.10.5,99.86.181.134,cdn.segment.com,13,United States,,,,North America,0x0301,1,0x0303,0x0a0a,cdn.segment.com,0xaaaa,0,43690,74:bd:c1:b1:c0:2c:ff:68:80:3d:ca:96:68:6b:6d:f3:67:5e:b6:0f:08:f7:76:64:8b:27:ef:b7:81:3d:63:5d,9f:b6:8a:05:b3:85:89:81:11:6c:1f:a7:78:34:86:ec:97:47:2a:f8:93:77:c7:f1:17:d1:42:ed:7f:0c:08:2e,h2
88,1748283584.085249,1748283584.249231,0.164,2401:4900:4e60:b031:a9f2:d144:e598:8196,2404:6800:4009:80a::2008,www.googletagmanager.com,26,Australia,,,,Oceania,0x0301,1,0x0303,0x2a2a,www.googletagmanager.com,0x8a8a,0,35466,0c:a1:f5:f2:6e:b7:31:90:f4:be:2d:35:8d:00:22:d8:ed:f9:08:54:a3:e2:3b:5c:a3:9d:c0:09:09:1c:0e:e2,55:81:74:97:21:7d:4c:82:e0:6e:c1:02:5c:cb:61:4b:50:11:e8:af:02:13:d0:e6:00:1a:ca:e1:a1:df:d6:24,h2
89,1748283584.187874,1748283585.041127,0.853,2401:4900:4e60:b031:a9f2:d144:e598:8196,2600:1901:0:1e38::,consent-api.service.consent.usercentrics.eu,17,United States,Kansas City,,Missouri,North America,0x0301,1,0x0303,0x4a4a,consent-api.service.consent.usercentrics.eu,0x8a8a,0,35466,0f:0a:e8:4d:26:62:f8:6b:1c:84:1a:58:1d:40:ae:d0:51:ef:de:d1:38:a6:9d:5d:31:7a:8c:bd:19:e3:dc:68,19:4b:b7:e9:17:e2:0e:ca:be:a6:ec:31:7c:44:d3:f7:6f:17:ae:65:85:c0:57:e6:ca:31:37:18:fd:30:52:0e,h2
90,1748283584.200949,1748283584.5261781,0.325,2401:4900:4e60:b031:a9f2:d144:e598:8196,2600:9000:24d8:dc00:2:496a:a40:93a1,stackblitz.com,13,United States,,,,North America,0x0301,1,0x0303,0xaaaa,stackblitz.com,0x5a5a,0,23130,40:32:92:04:d3:cf:64:ae:1b:2b:cb:59:9c:f2:12:47:d0:b6:65:e5:c1:1f:0c:b4:1e:24:df:e7:98:04:53:8a,e6:28:30:af:88:fd:2c:36:1a:8f:5f:e0:a3:d8:68:b0:c9:21:32:2b:2a:e8:bb:ee:3f:b9:fc:c8:eb:91:4e:d9,h2
92,1748283584.499718,1748283584.692831,0.193,2401:4900:4e60:b031:a9f2:d144:e598:8196,2404:6800:4009:801::200e,www.google-analytics.com,40,Australia,,,,Oceania,0x0301,1,0x0303,0x0a0a,www.google-analytics.com,0xeaea,0,60138,73:79:ec:a6:3c:cd:88:5c:71:47:76:35:69:b4:dd:3c:18:d5:ca:f2:cb:5d:34:b8:34:94:69:09:52:ff:0e:f1,be:15:0c:be:71:c0:19:a1:1c:dc:e7:62:9d:b3:5f:23:52:b6:40:32:c4:bd:63:74:2b:dd:f0:89:c6:28:fe:24,h2
94,1748283584.5425842,1748283584.677562,0.135,2401:4900:4e60:b031:a9f2:d144:e598:8196,2600:1901:0:498c::,cdn.mxpnl.com,34,United States,Kansas City,,Missouri,North America,0x0301,1,0x0303,0x4a4a,cdn.mxpnl.com,0xaaaa,0,43690,f8:7a:b1:75:d5:19:fc:3a:8f:1c:d1:0b:d9:be:e0:8f:e4:81:ef:2e:e7:bc:54:93:96:68:27:7d:09:b9:48:66,c8:ce:ed:29:22:c7:19:42:83:d4:7e:1a:2b:1f:24:a7:aa:0f:24:af:31:3c:cb:03:14:50:39:ff:93:a8:ba:4e,h2
91,1748283584.579714,1748283585.0380359,0.458,172.20.10.5,44.227.136.144,api.cdp.staticblitz.com,14,United States,Boardman,,Oregon,North America,0x0301,1,0x0303,0xdada,api.cdp.staticblitz.com,0x6a6a,0,27242,6a:99:00:cf:2d:6b:67:f4:9c:45:c9:05:ee:69:47:b0:d1:b2:08:e8:5d:f2:22:b0:80:5e:b7:35:1f:c4:bb:48,bf:84:ef:a9:1e:d6:bd:ef:3b:75:f4:f0:03:66:da:f9:ba:33:10:8c:88:fd:b9:d7:0d:2b:d6:38:f1:31:cc:5e,h2
95,1748283584.592402,1748283584.6982799,0.106,2401:4900:4e60:b031:a9f2:d144:e598:8196,2404:6800:4009:828::2002,td.doubleclick.net,17,Australia,,,,Oceania,0x0301,1,0x0303,0xfafa,td.doubleclick.net,0xcaca,0,51914,fc:c3:9f:26:d8:8d:4b:cb:fb:87:23:13:a0:a1:19:1b:93:84:dd:5c:67:49:3f:df:49:c3:da:52:8a:97:56:93,5e:3d:8b:0b:7f:16:7d:9b:31:88:ab:15:4a:7c:9a:ea:0e:ba:cf:d6:7e:89:dd:dc:e0:f4:e1:84:6c:fd:8b:8c,h2
96,1748283584.758204,1748283585.039406,0.281,172.20.10.5,44.227.136.144,api.cdp.staticblitz.com,10,United States,Boardman,,Oregon,North America,0x0301,1,0x0303,0x5a5a,api.cdp.staticblitz.com,0xcaca,0,51914,22:6a:93:5a:d8:5d:3e:fe:97:1d:d8:f2:7b:f9:66:8e:6a:75:0e:6a:96:88:db:8f:b3:36:67:7c:52:15:65:19,9f:66:66:41:64:29:b3:53:55:9d:c7:91:ba:a1:25:ab:d4:26:dc:98:27:96:bc:ab:04:8c:ef:65:01:9f:f7:09,h2
62,1748283579.97179,1748283586.101055,6.129,172.20.10.5,216.150.1.193,supabase.com,50,United States,,,,North America,0x0301,1,0x0303,0x9a9a,supabase.com,0x5a5a,0,23130,77:62:22:8d:f3:35:6a:73:45:32:50:a2:96:8f:92:61:a2:67:e1:f9:cf:63:0d:a1:31:6c:ec:46:16:d6:77:36,48:e9:e4:ac:77:ae:87:b5:2b:f1:a6:d7:17:6e:93:e2:0c:e6:b0:b8:73:a4:b0:cc:53:4d:5d:b9:94:eb:97:0e,h2
66,1748283580.402328,1748283586.0933828,5.691,2401:4900:4e60:b031:a9f2:d144:e598:8196,2606:4700:9765:8ada:b476:6:6b7:a4b,api.supabase.com,422,United States,,,,North America,0x0301,1,0x0303,0x4a4a,frontend-assets.supabase.com,0xeaea,0,60138,46:9a:2f:3c:9e:d8:93:d1:39:26:24:3d:49:a1:4f:aa:0d:ec:fb:ac:6b:89:71:de:43:c3:6a:1c:64:32:d8:c3,3a:73:08:4c:7c:58:cc:05:e1:a1:f4:95:e4:90:2d:c2:db:23:bd:b4:d8:11:af:ca:ff:64:0a:04:5a:7a:10:28,h2
97,1748283586.7947001,1748283586.823692,0.029,172.20.10.5,104.18.16.5,app.qualified.com,11,,,,,,0x0301,1,0x0303,0x7a7a,app.qualified.com,0xaaaa,0,43690,19:9b:be:fe:a1:4e:6d:28:08:07:66:70:fe:1c:e0:13:58:a4:eb:04:5b:41:b4:e7:dd:dd:b6:02:41:ca:92:ae,da:bc:4c:10:3d:a9:da:62:c6:82:f4:40:71:12:46:62:bc:81:98:27:fd:5d:3f:c4:62:36:9d:0e:f1:13:91:40,h2
